id,fecha,descripcion
COM-001,2026-03-02T10:30:00,"Excelentes resultados Carlos Andres. El equipo ha trabajado con mucho compromiso este trimestre."
COM-002,2026-03-02T11:00:00,Muy buenas noticias. Esto motiva a seguir trabajando con dedicacion.
COM-003,2026-03-05T12:00:00,Muy buena iniciativa. Ya me inscribi en el programa de actividad fisica.
COM-004,2026-03-05T13:30:00,"Excelente decision. Estos programas mejoran mucho el ambiente laboral, gracias por liderar esto."
COM-005,2026-03-10T09:00:00,Ya compartimos el enlace con el equipo regional. Gracias por la informacion puntual.
COM-006,2026-03-10T09:45:00,Confirmada la inscripcion del equipo de administracion Norte. Listos para la capacitacion.
COM-007,2026-03-15T15:00:00,Confirmada asistencia para la reunion del jueves. Llevare los avances del plan.
COM-008,2026-03-15T15:30:00,Gracias por el recordatorio. Agenda registrada y equipo notificado.
COM-009,2026-03-20T12:00:00,"Muy merecido el reconocimiento. Ese equipo trabajo excelente durante la auditoria, los felicito."
COM-010,2026-03-20T14:00:00,Felicitaciones al equipo del Pacifico. Un gran ejemplo de trabajo en equipo para todos.
COM-011,2026-03-25T10:30:00,Protocolo revisado y socializado con el equipo regional. Gracias por la actualizacion.
COM-012,2026-03-25T11:00:00,"Gracias por el aviso. Lo revisaremos antes del plazo indicado, sin problema."
COM-013,2026-04-01T09:30:00,"Me inscribi como mentee. Excelente programa para el crecimiento profesional, muy agradecida."
COM-014,2026-04-01T10:00:00,Dos personas del equipo ya confirmaron inscripcion como mentores. Excelente respuesta.
COM-015,2026-04-05T11:00:00,"Anotado. Prevendremos las tareas criticas para que no coincidan con la ventana de mantenimiento, gracias."
COM-016,2026-04-05T11:30:00,Gracias por el aviso con anticipacion. Organizaremos las entregas para esa semana.
COM-017,2026-04-08T16:00:00,Participamos ayer en la mesa de innovacion en procesos. Muy enriquecedor el intercambio.
COM-018,2026-04-08T16:30:00,"Me uno a la mesa de tecnologia. Hay ideas muy interesantes circulando, ya me registre."
COM-019,2026-04-12T10:00:00,"Ya revise los lineamientos. Claros y bien estructurados, facilitan la planeacion del equipo."
COM-020,2026-04-12T11:00:00,Gracias por la actualizacion. Habia detalles que aclaraban dudas pendientes sobre modalidades.
COM-021,2026-04-18T12:30:00,Felicitaciones al equipo comercial. Resultados muy meritorios que enorgullecen a toda la empresa.
COM-022,2026-04-18T13:00:00,"Un orgullo hacer parte de este equipo. Seguimos adelante con el mismo compromiso, gracias."
COM-023,2026-04-22T09:30:00,"Excelentes recomendaciones. Tomen nota del primero especialmente, muy aplicable a nuestra realidad."
COM-024,2026-04-22T10:00:00,"Gracias por compartirlas. Buscare esos titulos esta semana, los necesitaba."
COM-025,2026-04-28T15:00:00,"Que buena noticia. El equipo se preparo muy bien para esa visita, lo dieron todo."
COM-026,2026-04-28T15:30:00,Excelente resultado. Refleja la organizacion de los procesos internos y la dedicacion del equipo.
COM-027,2026-05-03T11:00:00,Resultados alentadores. El equipo se merece este reconocimiento por el trabajo del cuatrimestre.
COM-028,2026-05-03T12:00:00,Muy buenas noticias para cerrar el cuatrimestre. Un logro de todos.
COM-029,2026-05-07T10:30:00,"Apuntado en la agenda. Cuenten con mi participacion el 24 de mayo, sera una gran jornada."
COM-030,2026-05-07T11:00:00,"Excelente iniciativa. Los equipos de las regionales tambien podemos sumarnos, coordinamos con el lider."
COM-031,2026-05-10T12:00:00,"Muy util la integracion con el ERP. Facilitara los cierres mensuales, gracias por el aviso."
COM-032,2026-05-10T12:30:00,Ya probe la herramienta. Los dashboards son muy intuitivos y ahorran bastante tiempo.
COM-033,2026-05-11T09:00:00,Feliz dia a todas las madres de nuestra empresa. Un abrazo grande para todas.
COM-034,2026-05-11T09:30:00,"Bonita iniciativa. El detalle estuvo muy bien pensado, gracias al equipo organizador."
COM-035,2026-05-12T16:00:00,"Ya explore el modulo. La solicitud de vacaciones es mucho mas rapida ahora, excelente mejora."
COM-036,2026-05-12T16:30:00,Buena implementacion. El equipo lo adoptara sin problemas dado lo intuitivo del modulo.
